keyword,traffic
new year's eve,500万+ 次搜索
new year's day,200万+ 次搜索
ole miss vs georgia,200万+ 次搜索
alabama vs indiana,200万+ 次搜索
brigitte bardot,100万+ 次搜索
happy new year,100万+ 次搜索
tommy lee jones,20万+ 次搜索
tatiana schlossberg,50万+ 次搜索
alix earle,20万+ 次搜索
happy new year 2026,50万+ 次搜索
miami vs ohio state,200万+ 次搜索
oregon vs texas tech,100万+ 次搜索
nick shirley,50万+ 次搜索
trevon diggs,20万+ 次搜索
miami fl vs ohio state,50万+ 次搜索
iran,20万+ 次搜索
anthony joshua car crash,20万+ 次搜索
swiss ski resort explosion,20万+ 次搜索
michigan vs texas,100万+ 次搜索
zohran mamdani,20万+ 次搜索
mtv,10万+ 次搜索
minnesota fraud,20万+ 次搜索
camila mendoza olmos,20万+ 次搜索
did eleven die in stranger things,200万+ 次搜索
full moon january 2026,5万+ 次搜索
